target noise,cap,method,"worst miss vs targets, %","small-group error vs truth, %","outcome RMSE, % of N sd",design effect,"cap exceeded, % of samples"
0%,2x,base weights,59.9 (0.8),18.1 (1.6),14.0 (0.1),1.0 (0.0),0.0
0%,2x,fairlex (relative),1.6 (0.4),0.3 (0.1),1.9 (0.1),1.4 (0.01),0.0
0%,2x,fairlex on shares,1.6 (0.4),0.3 (0.1),1.9 (0.1),1.4 (0.01),0.0
0%,2x,svy rake + trim,0.0 (0.0),0.0 (0.0),1.4 (0.0),1.34 (0.01),100.0
0%,2x,ridge (lambda=10),3.3 (0.3),0.2 (0.0),1.7 (0.1),1.33 (0.01),0.0
0%,2x,ridge (lambda=1000),1.7 (0.4),0.0 (0.0),1.8 (0.1),1.38 (0.01),0.0
0%,4x,base weights,60.6 (0.8),17.4 (1.1),14.1 (0.1),1.0 (0.0),0.0
0%,4x,fairlex (relative),0.0 (0.0),0.0 (0.0),1.8 (0.0),1.42 (0.01),0.0
0%,4x,fairlex on shares,0.0 (0.0),0.0 (0.0),1.8 (0.0),1.42 (0.01),0.0
0%,4x,svy rake + trim,0.0 (0.0),0.0 (0.0),1.4 (0.0),1.36 (0.01),90.0
0%,4x,ridge (lambda=10),1.6 (0.0),0.1 (0.0),1.5 (0.0),1.32 (0.01),0.0
0%,4x,ridge (lambda=1000),0.0 (0.0),0.0 (0.0),1.5 (0.0),1.34 (0.01),0.0
3%,2x,base weights,62.8 (1.0),17.0 (1.6),14.2 (0.1),1.0 (0.0),0.0
3%,2x,fairlex (relative),4.7 (0.5),3.0 (0.3),2.3 (0.1),1.41 (0.01),0.0
3%,2x,fairlex on shares,6.0 (0.5),2.2 (0.2),2.0 (0.0),1.41 (0.01),0.0
3%,2x,svy rake + trim,4.6 (0.4),2.2 (0.2),1.6 (0.0),1.35 (0.01),100.0
3%,2x,ridge (lambda=10),6.8 (0.5),3.1 (0.5),2.1 (0.1),1.35 (0.01),0.0
3%,2x,ridge (lambda=1000),6.2 (0.5),3.2 (0.5),2.2 (0.1),1.4 (0.01),0.0
3%,4x,base weights,60.6 (1.1),16.2 (1.6),13.7 (0.1),1.0 (0.0),0.0
3%,4x,fairlex (relative),3.1 (0.2),2.4 (0.2),2.1 (0.1),1.4 (0.01),0.0
3%,4x,fairlex on shares,4.5 (0.3),1.8 (0.2),1.9 (0.0),1.4 (0.01),0.0
3%,4x,svy rake + trim,4.5 (0.3),1.8 (0.2),1.5 (0.0),1.34 (0.01),93.0
3%,4x,ridge (lambda=10),5.1 (0.4),3.0 (0.4),1.8 (0.1),1.3 (0.01),0.0
3%,4x,ridge (lambda=1000),4.6 (0.4),3.0 (0.4),1.9 (0.1),1.33 (0.01),0.0
8%,2x,base weights,70.6 (2.5),16.7 (1.4),13.8 (0.1),1.0 (0.0),0.0
8%,2x,fairlex (relative),9.6 (0.8),6.5 (0.6),3.2 (0.2),1.41 (0.01),0.0
8%,2x,fairlex on shares,12.9 (1.2),5.8 (0.6),2.5 (0.0),1.41 (0.01),0.0
8%,2x,svy rake + trim,12.2 (1.1),5.7 (0.6),2.3 (0.0),1.34 (0.01),100.0
8%,2x,ridge (lambda=10),13.8 (1.1),7.9 (0.9),3.0 (0.1),1.34 (0.01),0.0
8%,2x,ridge (lambda=1000),13.3 (1.1),8.0 (0.9),3.0 (0.1),1.38 (0.01),0.0
8%,4x,base weights,67.7 (2.2),14.9 (1.5),14.1 (0.1),1.0 (0.0),0.0
8%,4x,fairlex (relative),9.1 (0.6),8.5 (0.8),4.3 (0.3),1.43 (0.01),0.0
8%,4x,fairlex on shares,14.8 (1.4),6.1 (0.5),2.5 (0.1),1.42 (0.01),0.0
8%,4x,svy rake + trim,14.8 (1.4),6.1 (0.5),2.2 (0.1),1.36 (0.01),90.0
8%,4x,ridge (lambda=10),14.0 (1.2),10.5 (0.8),4.3 (0.3),1.32 (0.01),0.0
8%,4x,ridge (lambda=1000),13.9 (1.2),10.6 (0.8),4.4 (0.3),1.37 (0.01),0.0
