sigma,cap,method,worst_miss_vs_targets,worst_miss_vs_targets_se,small_group_error,small_group_error_se,outcome_rmse,outcome_rmse_se,deff,deff_se,cap_exceeded,cap_exceeded_se
0.0,2.0,base weights,0.5988918227719008,0.008146711510824427,0.18138124896593397,0.015557355445019981,0.13971414138399535,0.0013199541164521736,1.0,0.0,0.0,0.0
0.0,2.0,fairlex (relative),0.01582962867113898,0.004019064647577705,0.0029525288423484885,0.000800851065673017,0.018572067905417284,0.0005675776259046346,1.3967314333490528,0.006517260015016591,0.0,0.0
0.0,2.0,fairlex on shares,0.01582962867113898,0.004019064647577705,0.0029525288423484885,0.000800851065673017,0.018572067905417284,0.0005675776259046346,1.3967314333490528,0.006517260015016591,0.0,0.0
0.0,2.0,svy rake + trim,6.589593479976367e-6,7.089568091476762e-7,1.8180790197253056e-7,3.344966751867118e-8,0.014043023029040059,0.00025017893780662797,1.3375315238845051,0.006909416874729162,1.0,0.0
0.0,2.0,ridge (lambda=10),0.03291347205717561,0.002981187806403787,0.0018232438245235306,0.00018132441791580473,0.017422165795795353,0.000563778079848059,1.3328606344955884,0.007303510680977139,0.0,0.0
0.0,2.0,ridge (lambda=1000),0.017168032779139305,0.0042392485334260864,0.0004869438355807557,0.00011214699944817475,0.018001277375106414,0.0006081363361539073,1.3750516861538498,0.007395688089236541,0.0,0.0
0.0,4.0,base weights,0.6055039210879846,0.008053649098013285,0.1737220713702403,0.01091137096633119,0.14124019837401486,0.0013065225267292779,1.0,0.0,0.0,0.0
0.0,4.0,fairlex (relative),6.011017289943511e-7,4.806295480281193e-10,6.000000006269651e-7,2.640460943594158e-16,0.017997689322334504,0.0002788093446048004,1.4178566900297211,0.007757691235597403,0.0,0.0
0.0,4.0,fairlex on shares,6.011017289943511e-7,4.806295480281193e-10,6.000000006269651e-7,2.640460943594158e-16,0.017997689322334504,0.0002788093446048004,1.4178566900297211,0.007757691235597403,0.0,0.0
0.0,4.0,svy rake + trim,6.0518126820267115e-6,7.995908917022545e-7,1.244912345859761e-7,2.479719586478148e-8,0.01415078703828398,0.00017068765688963724,1.3556019549765306,0.006897211973783663,0.9,0.055708601453115555
0.0,4.0,ridge (lambda=10),0.01628450512492458,0.0003429247182675705,0.0006670659805306969,0.00007193153332226038,0.014656747752254394,0.00018164673761319344,1.3170603265687053,0.005958784132672554,0.0,0.0
0.0,4.0,ridge (lambda=1000),0.0003138763866907803,0.000048824400170716285,0.00003151519684162704,7.986316663991827e-6,0.014537406773519073,0.0001904981824803756,1.342773132653357,0.007054242062256322,0.0,0.0
0.03,2.0,base weights,0.6281136409916327,0.00999536144899393,0.17014468961209364,0.015682280597683576,0.14152841994073465,0.0013368564070267365,1.0,0.0,0.0,0.0
0.03,2.0,fairlex (relative),0.046881185377515996,0.005497439310697781,0.030093246937072,0.0026139297895008723,0.022502460562353027,0.0008118672024024458,1.4097091342113999,0.0061458473861367,0.0,0.0
0.03,2.0,fairlex on shares,0.060413174081135446,0.005377635557480287,0.022363388472937753,0.002438565265430885,0.019820365323070084,0.00040765729252542117,1.410757611652393,0.006379855928859212,0.0,0.0
0.03,2.0,svy rake + trim,0.04635430620770096,0.0038230324394349347,0.021922921131022347,0.0021658324723161856,0.015649680328475742,0.0001987638537799529,1.3467448117729008,0.007215599229620749,1.0,0.0
0.03,2.0,ridge (lambda=10),0.06778283214810664,0.004903604932917246,0.03141135398717699,0.004519590820865162,0.020891031382393406,0.0008425880562699781,1.3456187389504775,0.006719187381235204,0.0,0.0
0.03,2.0,ridge (lambda=1000),0.06221215605409579,0.005353398932176153,0.03162742093571275,0.004584897048925951,0.02162103143497584,0.0009027695309121097,1.3951719982159345,0.0075339206314497306,0.0,0.0
0.03,4.0,base weights,0.6057380214663669,0.01079542945007859,0.16239361838606958,0.01612625887477191,0.1373988234426039,0.0014340841919013116,1.0,0.0,0.0,0.0
0.03,4.0,fairlex (relative),0.03149021366155012,0.0018510600663712623,0.024490354619988282,0.002378636280110838,0.021289529712452942,0.0005573962329939854,1.3989421040322536,0.00693911210716903,0.0,0.0
0.03,4.0,fairlex on shares,0.04504358359709855,0.0025642475833942938,0.018211511301229947,0.001920297404651671,0.01917515583225613,0.00036263036035945545,1.398414145237943,0.0069069000112071165,0.0,0.0
0.03,4.0,svy rake + trim,0.04504407107784649,0.0025643102713763014,0.018211641585263786,0.001920316507073172,0.015336949484872332,0.0002573481976297489,1.339146804860527,0.006262755349106816,0.9333333333333333,0.04632055558531008
0.03,4.0,ridge (lambda=10),0.05082712914714122,0.0037158624831636123,0.030084951315656965,0.003520553325544451,0.01846590667721633,0.0006643465268339104,1.3028389286227027,0.0053418543327494435,0.0,0.0
0.03,4.0,ridge (lambda=1000),0.046496270756542175,0.003714978056176914,0.030334448271877798,0.003555731567085818,0.018626556876585043,0.000629472855996394,1.3314239537792751,0.006948878281886123,0.0,0.0
0.08,2.0,base weights,0.7063664386788109,0.025323906979688424,0.16680986545418833,0.013879503381866796,0.13833912483025482,0.001242315383450276,1.0,0.0,0.0,0.0
0.08,2.0,fairlex (relative),0.09621990348023456,0.008461458356966633,0.06545791303166984,0.006077677588914429,0.0315124415097389,0.0016979982318296347,1.405889103028657,0.007160805112214308,0.0,0.0
0.08,2.0,fairlex on shares,0.12920638878774257,0.012000505129426107,0.05759641913983983,0.00645834827416055,0.02463619218159535,0.00047792469771417573,1.4070014255775403,0.007332293746903449,0.0,0.0
0.08,2.0,svy rake + trim,0.12154057612038299,0.011042176256263959,0.056992955978539116,0.0059114954660095765,0.022622471006657825,0.0004475489197628377,1.3382521143585806,0.007551752429549383,1.0,0.0
0.08,2.0,ridge (lambda=10),0.1378247261979823,0.011150260508523172,0.07865665780566923,0.008767200431909686,0.029923142867099815,0.0012846855006375321,1.336071536089525,0.00842690086602332,0.0,0.0
0.08,2.0,ridge (lambda=1000),0.13336464830655287,0.011355584510172292,0.07969595346356516,0.008985423337927078,0.03046203894116972,0.001285798417510409,1.3844301124842866,0.008985963931936538,0.0,0.0
0.08,4.0,base weights,0.6765649332779226,0.021681023206685787,0.14941380070020097,0.015371031345091626,0.1405213380544348,0.0013429772922174796,1.0,0.0,0.0,0.0
0.08,4.0,fairlex (relative),0.09108765324560496,0.0061887569362272235,0.08534390106230699,0.007908289083284977,0.04263178629714205,0.0030867613850176375,1.427898278571932,0.009285435274469402,0.0,0.0
0.08,4.0,fairlex on shares,0.14832952003622032,0.013586811945896045,0.06117814207828666,0.0050621532987871285,0.02503769254356037,0.0005362079002272197,1.4244985209936614,0.009209877303726438,0.0,0.0
0.08,4.0,svy rake + trim,0.14832980064483253,0.013586699649856994,0.06117837861975559,0.0050621678067301066,0.022117691752495536,0.0005289253983518745,1.3607008931428608,0.007717928120037497,0.9,0.05570860145311555
0.08,4.0,ridge (lambda=10),0.14030496336965703,0.012203692254345628,0.10534690753276557,0.007777809311366212,0.042926491711692084,0.0032514043597080136,1.3203640861122177,0.006785681796515596,0.0,0.0
0.08,4.0,ridge (lambda=1000),0.1388957713474923,0.012494661976123358,0.10575671069621748,0.007810747024497901,0.043637077416594644,0.0032695372128314867,1.3719944922052767,0.010517068249899229,0.0,0.0
